"","real_inflation","expected_inflation","unexpected_inflation","soybeans.No..1","soybeans.No..2","yellow.corn","LLDPE","soybean.meal","palm.oil","soybean.oil","PVC","cathode.copper","aluminum","zinc","gold","natural.rubber","fuel.oil","rebar","wire.rod","Gold_price","Energy_price","Material_price","Industry_price","Optional_consumption_price","Main_consumption_price","Medicine_health_care_price","Finance_and_real_estate_price","Information_technology_price","Telemunication_services_price","Utility_price","first.tier","second.tier","third.tier"
"1",0.0151841353250401,0.0155,-0.000315864674959945,0.132793003755413,0.0923075566165892,0.166661041521622,0.286807564306848,0.0482373380548271,0.259003816417925,0.174275411395197,NA,0.787745489894627,0.348718683150343,0.572835074684665,0.249114377446432,0.611431109616429,0.438642174041684,NA,NA,0.236187650070725,0.485798706157193,0.483517167636359,0.379128055455018,0.684938778558482,0.562263172545672,0.550072622061775,0.428472965910754,0.528553379895401,0.489822382206155,0.142212406700563,NA,NA,NA
"2",0.0266419309464211,0.0155,0.0111419309464211,0.122228068468763,0.145261732410011,0.113713786186798,0.365435005999325,0.150723793164896,0.300046538983079,0.228183037874102,NA,0.734155204287323,0.36013197988205,0.593437932455544,0.174150114453764,0.616857055249051,0.387625189979834,NA,NA,0.160478294601059,0.518106230022571,0.417677409236401,0.369758601599156,0.624004210578877,0.458309769433418,0.547563565014833,0.405779264541151,0.531499602191739,0.471239318794719,0.113785727780042,NA,NA,NA
"3",0.0234235149435881,0.0155,0.00792351494358811,0.100191371255713,0.117341771111132,0.129176017194288,0.224786037311715,0.0708485783163475,0.231536229659104,0.187490072070606,NA,0.628326304581138,0.267198110737807,0.503073309343344,0.192881109231235,0.595414714549026,0.399573601591458,0.293581794578969,0.224724486737319,0.187937724367678,0.385023585814554,0.227926419854241,0.199215513205543,0.47185523814596,0.382142998189378,0.387687872776192,0.292948337076918,0.384675865829506,0.248339762019319,0.0171923438497439,NA,NA,NA
"4",0.0277124385665358,0.0159,0.0118124385665358,0.160518113683381,0.138646493291292,0.140178913089008,0.231839736889093,0.0662399447655462,0.0992172826691338,0.115617015825014,NA,0.496899314067797,0.253835493770628,0.385341530797193,0.269574224203098,0.46996070250022,0.339701198087523,0.263037087855038,0.210505891895757,0.265140383851897,0.171707041796061,0.15100360052066,0.0973963592144251,0.225349431744807,0.284748650050815,0.459132497993798,0.140056996210074,0.364677923311155,0.0172036157307884,-0.0166553423360813,NA,NA,NA
"5",0.0301411569119868,0.016,0.0141411569119868,0.0460493865933493,0.0641804373933041,0.155181607753616,0.110803141546967,-0.0592380961011454,0.00394477829101625,0.0139076860569141,0.140531469154187,0.40600608729366,0.188153623388297,0.234055584765192,0.250008400026366,0.440934944567957,0.209578155026879,0.160147699299632,0.167689248677291,0.243905936986653,-0.0683279167005946,0.00815174165385191,-0.0140051243182402,0.0915719381843871,0.265680492693738,0.4672109261874,-0.0564003744829318,0.228148805532725,-0.0217921997748105,-0.134307820596413,NA,NA,NA
"6",0.0290732474857072,0.0178,0.0112732474857072,0.0449634206516176,0.0643154657931841,0.129453679722874,-0.0636438444041012,-0.0290891370765394,0.0357008487996993,0.00351589273607189,0.0244792640847802,0.239302765968867,0.0879413500874371,0.0814444901691012,0.273124287581478,0.315886335613289,0.133795977888667,0.036675478558406,0.0661911243631774,0.271611602419172,-0.306787450359241,-0.237869881411926,-0.170583790962396,-0.0184882340497978,0.0618141218689168,0.24801913135761,-0.3208231934368,0.142452118937889,-0.147096932421189,-0.214296057081166,NA,NA,NA
"7",0.0324671901375014,0.0187,0.0137671901375014,0.101872545606108,0.107720366381161,0.171072147692743,-0.118009305597388,0.0061224681043841,0.136452833405064,0.0623780398063403,-0.0634062647783118,0.225460223472139,0.0210395663556202,0.118396720855145,0.216402434353111,0.23431564582085,0.130405618918857,-0.0650672952752114,-0.0578894906156311,0.21553450084749,-0.408619497456673,-0.362099700908172,-0.184243752405869,0.0316582873968994,0.0711268977986297,0.221678626851455,-0.368883726648594,0.109381893139513,-0.234849802454336,-0.307878619100839,NA,NA,NA
"8",0.034208171329737,0.0195,0.014708171329737,0.0795017284880419,0.0931375778634322,0.140133482412872,-0.0388674515221865,0.0258166511944564,0.0960257433411176,0.0727263854121034,0.0376627875648659,0.164729763480384,0.0326815684250512,0.140369238624249,0.253476625576536,0.328819835244303,0.0822969831529647,0.0331522073168991,0.0824330110141211,0.255793185529376,-0.105309193963814,0.014628807315785,0.0501795037518953,0.254900569172481,0.261275925842378,0.384576008693056,-0.0640871645976997,0.343760184249882,-0.0314614873443331,-0.0983718744055242,NA,NA,NA
"9",0.0354636642755691,0.01886,0.0166036642755691,0.14849775352447,0.168855676909764,0.18028578467892,0.102942383643207,0.181704082245161,0.288029717162392,0.237090286335722,0.222195234505351,0.22965549534262,0.0672357581065732,0.154431855141917,0.260899838287207,0.41579868996271,0.161065920854318,0.136339100437917,0.179010533831001,0.253801771223245,-0.155135047302943,0.0677868411900171,0.049646759920237,0.189311900938764,0.299444929904197,0.39529854621434,-0.193083550335455,0.363609762353836,-0.118520951854901,-0.118122640447816,NA,NA,NA
"10",0.0427720918438691,0.0185,0.0242720918438691,0.173710829088243,0.172699916069474,0.232535442592551,0.082706592037999,0.177994726702448,0.314160855458347,0.264609219558208,0.160860707100303,0.204404320969523,0.0756981693926129,0.164762765465328,0.228896784442996,0.47322839824475,0.123324563887124,0.150745287137445,0.176733943121404,0.227047264794683,-0.026720111482863,0.175118180075307,0.142834455457467,0.167074434864965,0.300251855002955,0.33626597749638,-0.150268354008247,0.388592604722366,-0.0310156574090588,-0.109384469281244,NA,NA,NA
"11",0.0499323687482089,0.0198,0.0301323687482089,0.0639179812479718,0.0866230393762955,0.243045258815897,0.0151585604308426,0.062095599693393,0.261403407858598,0.190876802743789,0.156422234753427,0.127381044571941,0.0375024253314908,-0.0458009532612049,0.135042386233218,0.333447013176896,0.121030301904806,0.153467263438232,0.191179776108813,0.133458684564317,-0.201580530798514,-0.0567306030759127,0.000261043186491783,-0.0115307630731092,0.225189735053979,0.308082324322186,-0.282128064486765,0.263393829775827,-0.122574252704804,-0.231073177588613,NA,NA,NA
"12",0.0448777587780855,0.0235,0.0213777587780855,0.118169338467402,0.140059985934302,0.219929836711113,-0.000401848508522207,0.13357293380222,0.306772276948141,0.279948277961527,0.0950731006187659,0.174500804658246,-0.0305008980986692,-0.0858125414290249,0.225128550582997,0.41167313022898,0.0449028593675376,0.0647189801981476,0.0877482252516248,0.216102870948858,-0.134697921024577,-0.0283665394160693,0.00650421373820365,-0.0834390462282268,0.132060210202747,0.198092040786143,-0.31831692453266,0.170008830437091,-0.206743916164436,-0.246044509924582,NA,NA,NA
"13",0.0479326537553027,0.0295,0.0184326537553027,0.146662229634115,0.160899372035255,0.240505470654992,0.0386148361277794,0.21576714374944,0.381244035601231,0.364991791269249,0.115895459121006,0.261391468424454,0.0429328327880452,0.037101909591188,0.185517965119198,0.575835579352599,0.0494220757228447,0.14768161861967,0.167692246777994,0.178311515833924,-0.00475424017997028,0.0546912128052428,0.0946544656211969,0.00161409115351852,0.12282597656141,0.112304817808903,-0.188207227869162,0.0298409747729265,-0.145892997211126,-0.177180963209279,NA,NA,NA
"14",0.0482185722704742,0.031,0.0172185722704742,0.148132082567448,0.158224005214894,0.260717495877969,-0.00888142864851993,0.18992750130568,0.314673008278628,0.310673113950971,0.128492350116929,0.23475173902021,0.0203697079859086,0.0465815885772969,0.202480216248381,0.446206616492113,0.0788111804242888,0.15449108218613,0.190426803383049,0.206538171707928,0.0408842251782087,0.135345802585082,0.103664611728157,0.0494015179623979,0.172380614413894,0.113648207496295,-0.18396666414246,0.0930595613908949,-0.0715880315154918,-0.18500940753959,NA,NA,NA
"15",0.0524026787930484,0.032,0.0204026787930484,0.168472468731384,0.168566181725469,0.209062484237005,0.0242121641626056,0.178455799036535,0.288626393881779,0.284256960422006,0.0612569329345618,0.129245960555654,0.0107914716327642,-0.0467199056960244,0.204872941854388,0.341483334859005,-0.00430663886991489,0.00732604009207272,0.120042747530791,0.213859473804248,0.0510339238324722,0.14997794105785,0.0458724653416906,0.0107866833666179,0.166500547198764,0.0781928450281058,-0.2044494464166,0.00436559398704794,-0.0509806554374892,-0.184544438853852,NA,NA,NA
"16",0.0520230280671518,0.029,0.0230230280671518,0.121000496640008,0.124155983277864,0.20090753320572,0.0331998588129281,0.136971368496966,0.272181270875423,0.256065031039505,0.107683397073966,0.164535290777676,0.0408962032695008,-0.0558271440452014,0.205967206542723,0.316871962137048,0.0472235182394005,0.0597946985686146,0.145500223776043,0.218130814104915,0.109061943620848,0.183758533401988,0.085665839434844,0.110632091675964,0.222200880316183,-0.0226205864791336,-0.0612571738180705,-0.0922113533342026,0.0284152689764827,-0.113220213033244,NA,NA,NA
"17",0.0536355491659093,0.028,0.0256355491659093,0.14818674385563,0.210736380392023,0.220150927441018,0.0199153097009415,0.178029704712413,0.342983827364575,0.316157241319745,0.0950060897913385,0.208360215413173,0.0929016506668798,0.068310468160119,0.183121077124372,0.358879198385853,0.125348271817447,0.139854292216947,0.148768758329092,0.186615541509346,0.171339547674446,0.200048032747537,0.106456442362021,0.118230569418733,0.257409344105552,-0.086747049094626,0.00575428904091702,-0.0488759736398281,0.097280354546581,-0.0783121230341761,NA,NA,NA
"18",0.0616593803867278,0.0305,0.0311593803867278,0.147435846381628,0.20522332108064,0.217406673535326,0.10885202848905,0.166671037242684,0.337374560165404,0.301623317013863,0.120466329824183,0.292594667218212,0.157067834754764,0.193126324972942,0.144437742235515,0.392212610681769,0.137141765525932,0.177862709546311,0.176382850033862,0.146081179565663,0.340528860749368,0.376064758156433,0.226378968734796,0.217290048070037,0.334381247927471,0.0752880600023538,0.0347807117470342,0.053583674810822,0.149544545484311,-0.0628859509915216,0.0659963272253208,0.094328183653607,0.0977454686163508
"19",0.0625052053513971,0.0345,0.0280052053513971,0.157272486550122,0.200491283037358,0.191190603607064,0.212496440087762,0.140543036978895,0.298865237852782,0.286058642763111,0.172289978443455,0.262446414610615,0.174210240920665,0.145347806081304,0.270120549317038,0.426145731833753,0.157013606902419,0.148087605473556,0.0983951938741843,0.268851358124047,0.191365201372323,0.231776349685387,0.0423634762609026,0.0506776146166992,0.315730647904086,0.0310638572631419,-0.108419135628711,-0.0630443685314122,0.0280774003785238,-0.184176534594787,0.0820751092096081,0.102045440692974,0.106560329512828
"20",0.0596830021611738,0.0379,0.0217830021611738,0.171482136178899,0.205885774003857,0.171615616121547,0.0672836623055062,0.140257547533766,0.256736042360039,0.267382566864327,0.0656719511436794,0.151563229949595,0.12672850674341,0.0017331026868348,0.338429509620822,0.29076373898919,0.123896159821397,0.110044256901395,0.0916240359299394,0.333668743645116,0.133399073523586,0.0930309266309557,-0.052034764659159,-0.0905128130351898,0.2240123363152,-0.0807708920864592,-0.0838457174187592,-0.130121825400344,-0.0533192957472304,-0.229509062841177,0.0916474992758847,0.0989118903643966,0.107221678254421
"21",0.0589290675292875,0.0395,0.0194290675292875,0.0348567157046222,0.0596787230393225,0.102736989885441,-0.143850027600369,-0.0687061394581221,0.0433630802224343,0.0855298374773401,-0.13669895941617,-0.109650366496595,0.0444517625708336,-0.165649392762013,0.176045577014521,0.0161308772558684,0.0706992799121515,0.0203634889055362,0.0648989464433285,0.1801351177489,0.0989234752727839,-0.131162824959137,-0.169746527226873,-0.205976003026077,0.0347112061653707,-0.280822519308046,-0.139684154919971,-0.293898365375179,-0.0473454212083588,-0.273961956422309,0.0729210610619457,0.0833855079514212,0.0982203247156797
"22",0.0535407669280298,0.0358,0.0177407669280298,0.00774844350696569,0.060716345100456,0.0234350517584669,-0.209432968075703,-0.120757457837422,-0.0482286583634028,-0.0228960467174524,-0.18019216411861,-0.0743892437477562,-0.00273764429536705,-0.249801568688275,0.200049384476026,-0.123736815718688,0.0504626713185914,-0.0875980593179868,-0.0895203757351286,0.193342849687498,-0.160422419614767,-0.314259979682154,-0.298671526817023,-0.269106130491926,0.0558744791696988,-0.295642479876118,-0.198653330140091,-0.361818585523999,-0.118648383446025,-0.263014720558105,0.0580011499111812,0.074904632259754,0.0909787319752606
"23",0.0413338634929772,0.0315,0.00983386349297721,-0.0166650963974266,0.0452824613339526,-0.0418132386126526,-0.171407876915021,-0.136896812776092,-0.111508415788762,-0.0862603442844065,-0.19027388498445,-0.126469716704255,-0.0218895544197846,-0.13657553500575,0.179814054106624,-0.195215124652108,-0.0065051115974164,-0.121026632402225,-0.125909101186247,0.173910820358843,-0.134987195838468,-0.290914469367729,-0.32661881978993,-0.30019296177981,-0.0104583700396113,-0.326949406738429,-0.171271921454604,-0.378736847954845,-0.0948323583438269,-0.19747163421034,0.0493941786908927,0.0531475370254366,0.0764011789978802
"24",0.0398935636616766,0.025,0.0148935636616766,-0.0432987588687883,0.00932210140649303,-0.0247677227072032,-0.263852509618797,-0.155071914346578,-0.201717959012926,-0.154309786285726,-0.203044583817313,-0.255605113213717,-0.0576139707661589,-0.277888508970982,0.0371104241518241,-0.413111240389521,0.0641822195443016,-0.133918130495442,-0.118476239619408,0.0592503279294112,-0.282006353054709,-0.47202354047933,-0.433114969127043,-0.30902356713274,-0.103849684098963,-0.397472578311064,-0.165636149738043,-0.498740020206383,-0.162299404479707,-0.200730003925487,0.0381089521581597,0.037754112163924,0.0623137371841143
"25",0.0444952398865513,0.026,0.0184952398865513,-0.0393904082829923,0.0261256829106387,-0.00896484125697938,-0.147090922410154,-0.168047834581501,-0.209754441356951,-0.160581570157548,-0.161736818469247,-0.187461543097518,-0.0352393035333307,-0.153704430545007,0.206199732209533,-0.404314394841862,0.0993411722812763,-0.149311610830601,-0.136454723758076,0.216325367070039,-0.15535572318103,-0.290737084931342,-0.427893486637985,-0.266844539654782,-0.0960183566695871,-0.378476259908094,-0.0850771199770222,-0.440610221412888,-0.293043737824918,-0.199263220658488,0.0249222665774891,0.0188735264093989,0.0499989713351621
"26",0.0311109950250527,0.0273,0.00381099502505273,0.00448934536259493,0.053218704403827,-0.00537080406912427,-0.127601684440849,-0.081978010392934,-0.116750511042193,-0.0754844348624459,-0.214485488571096,-0.190255185288157,-0.0518779187830383,-0.182476727870377,0.190424122825699,-0.282842973442772,0.104435873890608,-0.13280234895168,-0.14536865205514,0.189054319189847,-0.150722315811942,-0.313543101153219,-0.399841886712642,-0.284459953513283,-0.0247005393593813,-0.328935981807561,-0.0651455612937895,-0.40139616439359,-0.292661387183419,-0.19144787854912,0.0135242158189079,0.00292195865729994,0.0348079526206888
"27",0.0352706140819193,0.0296,0.00567061408191933,-0.0183571588469658,0.0504832497908065,0.0203791623366527,-0.094925802597432,-0.0505522791628312,-0.0654828425675689,-0.0528363436750965,-0.129386122202861,-0.161885184208806,-0.037052522742167,-0.164882422738581,0.122100023715264,-0.218950973549797,0.177671140150416,-0.103392808558441,-0.145402561353899,0.115724736100796,-0.274508963724918,-0.425995303723802,-0.438891120230009,-0.302558024619055,-0.0438273042551565,-0.341143127563514,-0.147669734430991,-0.455839103801923,-0.33382512354341,-0.254167870375749,0.0109476410127431,-0.0120688189356137,0.0239026797830384
"28",0.0331445985923021,0.0286,0.00454459859230209,0.0392207131532807,0.0870113769896292,0.0339441765131809,-0.122565445536598,0.00240096153753733,-0.0351541852164576,-0.0181334051092747,-0.208174935620288,-0.168289561398836,-0.0408962032695008,-0.104847728004771,0.064821847389644,-0.161709927467919,0.0753788038529315,-0.133385422139495,-0.157584247137939,0.0496413116330015,-0.188594126464251,-0.318371107219526,-0.330915574015314,-0.225811186738641,0.0391619184113114,-0.287022592739824,-0.09673776537843,-0.34481817214763,-0.278411284106692,-0.257174940491184,-0.00224643601190877,-0.0201372223187359,0.0113484130188315
"29",0.0295588022415444,0.0286,0.000958802241544428,-0.0298257737209298,-0.0243300591745133,-0.0217309010960438,-0.0908600026509241,-0.0606432898520914,-0.1600063177757,-0.10934823447346,-0.215719837195802,-0.226919700101346,-0.0513089633340496,-0.155068177537515,0.00932204873878817,-0.310682237374673,-0.0369701733419632,-0.173454765296635,-0.235780135318722,0.00311361835752066,-0.137213228963279,-0.220692269682234,-0.246204620002959,-0.144669414692606,0.02377806660113,-0.175273778913295,-0.0478046836836317,-0.265244751127866,-0.295973248953917,-0.163053627375387,-0.0142025390710945,-0.0283324505244398,-0.00652756545350464
"30",0.0212721352755398,0.024,-0.00272786472446023,0.0103348482215484,-0.069891747951969,0.0586047548499646,-0.0868385609518718,0.0418569795090864,-0.103483285896862,-0.0533131570503755,-0.223774267197621,-0.236090945991281,-0.113060734025932,-0.200011033750439,0.0282265423066876,-0.333225224642121,-0.071735565375139,-0.15446691869565,-0.144618515113988,0.0334136070795328,-0.328111653624947,-0.385475425807575,-0.371988608398666,-0.277436810941977,-0.0257081536651267,-0.128789602860618,-0.0723950094426904,-0.319631407742554,-0.389005656691062,-0.127605875083847,-0.00668339998206768,-0.0324911698104522,-0.0158388335515784
"31",0.017839918128331,0.023,-0.00516008187166898,0.0210578875483662,-0.0477511401531867,0.0262282378235854,-0.225823136551462,0.156253022610592,-0.149588378357521,-0.0771872316597104,-0.284171243801719,-0.284037753549613,-0.16966625387454,-0.24900561402314,0.00181875152625821,-0.463547576302055,-0.0572048057121002,-0.268607103975382,-0.185885383417849,-0.00917230699442317,-0.350062098167139,-0.45360759980525,-0.408316861178919,-0.322254952859709,-0.104478224535365,-0.222434354026623,-0.067247033367563,-0.417070751382085,-0.458161360537489,-0.111502198806098,-0.0111363483445803,-0.0282799319891183,-0.0197748469633989
"32",0.0198026272961797,0.0234,-0.00359737270382027,0.0333122764671145,-0.0401337970787505,-0.00459963177652334,-0.0947229144112587,0.209113794614039,-0.109846486060647,-0.0459379116765195,-0.194605634519572,-0.205914905780173,-0.129655814086668,-0.165664521889596,-0.101511676296878,-0.46453873553628,-0.0103712164998964,-0.345754880752033,-0.310343554165003,-0.0902115649311916,-0.358571837191796,-0.422552749518129,-0.423120971310821,-0.309944737271755,-0.190654372538074,-0.194725700554542,-0.109411784470074,-0.324868287796555,-0.393897559253208,-0.0776389668832858,-0.00714048166926062,-0.0235608225353889,-0.0243240326592122
"33",0.0188217542405877,0.027,-0.00817824575941233,0.135201747157275,0.0552791957247738,0.0190812380754277,0.132661099682563,0.271256139289489,-0.106026405477669,-0.00451662236794803,-0.0513314615981049,0.10562216366799,-0.0504672944041253,0.0434992303508519,0.0779060156307487,-0.102157183087868,0.0333570148326867,-0.188363871249917,-0.164906515192277,0.0572504325329541,-0.262232467978652,-0.198074318072792,-0.287699146158196,-0.16911946478265,-0.0326997418827357,-0.018744166683101,0.00614197672869388,-0.207212899371378,-0.352616303788664,-0.0370137667403148,-0.00485603892544795,-0.0172777880152442,-0.0245650335542926
"34",0.0168571170664228,0.028,-0.0111428829335772,0.0883725387242897,-0.0035703072683777,0.076300920640171,0.0708351450895606,0.227690837470035,-0.130847691802808,-0.0229895182246977,-0.0398214941866719,-0.0288364604534763,-0.070996531012586,-0.0426863812314142,-0.0189074972237178,-0.105988230291027,0.00592866910838197,-0.131382866310277,-0.0748875806776308,-0.0153596944921413,-0.278793186210682,-0.266832261457291,-0.331682958453676,-0.199830050605204,-0.0886225228103701,-0.0235487845747127,-0.0857167563426611,-0.225732513524897,-0.498446929907045,-0.115840135776309,0.00240814179917592,-0.0152570472740461,-0.0229836078696017
"35",0.0198026272961797,0.0293,-0.00949737270382027,0.119858461009587,0.0350542647956846,0.111950325336882,0.0496901192324213,0.150599923491468,-0.152872070779519,-0.0106828698266099,-0.0311693799629538,0.0371936309305063,-0.0285412992071077,0.0130977641900643,-0.00827129889097655,-0.0471302135867795,0.040838836483692,-0.165217211698664,-0.159409665836428,-0.0192609849664196,-0.282634988689522,-0.229054807642918,-0.290175611434073,-0.137487079435445,-0.254490285564867,-0.140963185748037,-0.0284415704417267,-0.313359094776942,-0.574842436974048,-0.116391913587794,0.00818616514709092,-0.000915967270495699,-0.0219216252527836
"36",0.0246926125903714,0.0288,-0.00410738740962859,0.0888150808270005,-0.00359142669750767,0.0688462116641473,0.123869481712786,0.116234960057895,-0.133280860241902,-0.0337556116874804,-0.0392497622317016,0.0491015774692976,-0.033031702757075,0.0502418944026175,0.0612656451178459,0.0826329735183133,-0.0081503283891422,-0.0595837450068721,-0.0512174956584062,0.0444150185534706,-0.0463812970092565,0.056490625606731,-0.0355053863023649,0.0692844534198338,-0.0479996236599032,0.0876917768849506,0.197559623393417,-0.0388937420006314,-0.390236969405513,0.00398067901134347,0.0214862495729928,0.00322879098715667,-0.0295867596428092
"37",0.0198026272961797,0.029,-0.00919737270382027,0.121440476951761,-0.0185605328133658,0.038692799718822,0.0755696045698446,0.178345408414315,-0.15758610153105,-0.0202254085354419,-0.0435798807040246,-0.0153285240554695,-0.0675268361927035,0.00436273674219656,-0.0388794302529165,-0.0483635255757697,-0.00784768119800106,-0.0421240147786222,-0.0427756404662052,-0.0524399581458832,-0.0962888534187982,-0.0211271165641094,-0.0510076740162697,0.0859886039543554,-0.0430262224733848,0.261634694881167,0.232287987091135,-0.00202162326037936,-0.241206130344131,0.0277860991160992,0.0446101139075363,0.0101580108130612,-0.0290416033171965
"38",0.031498667059371,0.0289,0.00259866705937102,0.0593458914081317,-0.0657092798539924,0.00948265196772891,0.0503517315652466,0.0680786294468074,-0.22977420193282,-0.127284484436839,-0.0599513571306645,-0.0538117841064292,-0.0921449880955354,-0.0286498424105144,-0.110613884475562,-0.169823092234889,-0.0419404118836013,-0.0615578929994332,-0.0818503259836802,-0.113549801946931,-0.181386848026873,-0.136392749960116,-0.102410997831269,0.0108862945255233,-0.133086171438892,0.223779193482804,0.171017069750395,-0.0887653275430056,-0.343980024457483,-0.0108102181443632,0.0644108751422898,0.0245414744559636,-0.018076951088231
"39",0.0207825391825284,0.0275,-0.00671746081747159,0.0538814728195796,-0.0938121128399487,0.0139004691183651,-0.0204040293327612,-0.00774597211465533,-0.323670804784017,-0.190956392689154,-0.0531883110622857,-0.086132682249195,-0.101517524378659,-0.0433914732481622,-0.0519914957347565,-0.238775556451307,-0.0707365510917786,-0.125764618901535,-0.0768074283552433,-0.061192411911585,-0.158827645649271,-0.127904916815387,-0.10444416759293,0.0158242171703442,-0.111075993421286,0.339717665831188,0.122251916688384,0.118612947856932,-0.186031500258575,0.0876594312816286,0.0818147879863336,0.0405611111634041,-0.00985579856579299
"40",0.0237165266173161,0.02641,-0.00269347338268393,0.0235704722260657,-0.230702166288136,-0.014944238268277,-0.0461091974161754,-0.050094971895442,-0.380928142732579,-0.303831617666122,-0.0679729835862055,-0.121272618628238,-0.0987173381259385,-0.0549932791794543,-0.130299066577942,-0.344332490755489,-0.102654154060083,-0.163536013852259,-0.103640369682903,-0.144263969925198,-0.308569126989537,-0.255839216420589,-0.207977781725864,-0.0236224739378788,-0.208814670623052,0.260400773588518,0.0512022460972741,0.0319346011052133,-0.177034778429051,0.00139653534983175,0.106378308868965,0.0516723851761984,0.00208544108947883
"41",0.0207825391825284,0.0289,-0.00811746081747159,0.104782581179508,-0.144817161335501,0.0328307067331339,0.0593838705489063,0.0810431103580171,-0.253875803443414,-0.210801028115823,-0.00605603667704102,-0.0315295215298548,-0.0771741631869176,-0.0006765900122776,-0.130548976070031,-0.237930669895556,0.0193626756434018,-0.177403234688422,-0.0673801796303142,-0.149508669124146,-0.275923855747685,-0.252668317172644,-0.133456945334735,0.047739334073098,-0.133452964800703,0.289110807194808,0.116920412711851,0.175412067604046,0.0113948349777537,0.0286992887871209,0.123752172544783,0.063710414348094,0.0159145176069799
"42",0.0266419309464211,0.0291,-0.00245806905357891,0.0323282688201907,-0.0715172523848508,-0.00946314406062232,0.0792049360968008,-0.0912192519129089,-0.313091787977148,-0.260806926778747,0.0318226309127283,-0.124214514745097,-0.0744592807819622,-0.00484765492256756,-0.287383181951697,-0.285115053549758,0.0282190592886131,-0.155094134170472,-0.142224982865171,-0.254396094818314,-0.344916135706733,-0.367763173612191,-0.222287207314481,-0.00381942360677545,-0.189135467179582,0.140477104478007,-0.0238988679721643,0.111836824311697,0.0046827592899561,-0.126081861138346,0.127310364871551,0.0705449964730942,0.0224595072372828
"43",0.0266419309464211,0.0343,-0.00765806905357891,-0.0858830648438413,-0.167650955920358,-0.0257996969985141,0.0954039928350241,-0.235952045488798,-0.368801633550619,-0.302392380146344,0.0374518359288025,-0.116987608185834,-0.0840717546716956,-0.016121083140261,-0.240268800839673,-0.236492787633205,-0.0404741079277748,-0.035081849082923,-0.070057029082685,-0.226169272230747,-0.369567998939007,-0.300456710881931,-0.134951748626603,0.087715244093574,-0.196725129664374,0.276334783440753,-0.00630100772358944,0.277257934440344,0.222297799902074,-0.0938790033432557,0.142064909149161,0.0742098407316831,0.0262459134171333
"44",0.0256677467485778,0.035,-0.00933225325142219,-0.0860128746600406,-0.132478945588243,-0.0284822654023298,0.073717575896568,-0.173610495235147,-0.375412356733337,-0.331364280265964,0.0159275266961014,-0.0678352406418714,-0.0719054383504698,0.0135320062185755,-0.20265285023578,-0.0670130187468274,-0.11535854456867,0.0943516622379938,0.064644627562414,-0.223143551314211,-0.251160051542247,-0.175712890972362,0.00746617087729806,0.221924136197273,-0.103115141668834,0.249132184231694,0.113147286107221,0.332457553129824,0.269573578197636,-0.0298598425160774,0.156417674812319,0.0778386507638391,0.0295776098116942
"45",0.0305292050348228,0.036,-0.00547079496517721,-0.0541127689815113,-0.163154269059259,-0.00559984233099353,0.0259153790515114,-0.0707959733097621,-0.289997638715896,-0.28603078155712,-0.00459067370859856,-0.123158202738594,-0.0973128188702521,-0.0605650619637288,-0.313160274091617,-0.194578068979579,-0.261959324190647,0.00362976805057791,-0.0201214031994219,-0.308378954222936,-0.296851115148583,-0.255906196331061,0.0128497540896761,0.304299060198627,-0.112215571856858,0.261531683194393,0.118206838018835,0.387893587230742,0.23667349491848,-0.0263965052898403,0.178631079320018,0.0811339369049886,0.0356324483031738
"46",0.031498667059371,0.0345,-0.00300133294062899,-0.0743957557424508,-0.139772462102277,-0.0434392561561703,0.125571151586133,-0.0540079163242257,-0.10478892375887,-0.224806062087824,-0.00626961301359508,-0.0905102971790903,-0.0592766099295385,0.0117628645819536,-0.269094795240783,-0.242986689862395,-0.118904740765585,-0.0286536456942414,-0.0248058014194203,-0.282862786015833,-0.256777145174432,-0.236860947831918,0.0266869378037313,0.298799676192763,-0.145304524070108,0.172138376000166,0.122971341348782,0.30978418647755,0.327855831933048,0.0235944469130267,0.196699506546189,0.0898487651144038,0.0376400153185656
"47",0.0295588022415444,0.038,-0.00844119775845557,-0.0810930176114937,-0.152837300452068,-0.0308486320724803,0.107905998802137,0.031661701025941,-0.0567375826922341,-0.161023022376762,-0.0242293994268348,-0.118178058375326,-0.0933602279352463,-0.0411744747646754,-0.347368487879297,-0.20053082554095,-0.133415912515844,0.0534467658966751,0.0488582863807068,-0.339383446828671,-0.150935385997162,-0.13325191485546,0.134612472045434,0.367561885970073,0.0244064847248087,0.285002654851604,0.15572531416398,0.489488910670121,0.468078208155935,0.0206615951315356,0.205131007511019,0.0926165538359918,0.0400285747629088
"48",0.0246926125903714,0.0412,-0.0165073874096286,-0.0671568764490953,-0.176623535679317,-0.0385145970088949,0.0305054385011054,0.0161922578249794,-0.145835315099992,-0.23443983363676,-0.0298987391676331,-0.100547882338365,-0.0896529159597712,-0.0188746247549076,-0.344696648401983,-0.372235748988883,-0.188086646025871,-0.101773671034403,-0.071739728787314,-0.326344059486046,-0.407001146827459,-0.344313923769529,-0.0826478881081929,0.184235319599264,-0.0618387016216602,0.208128183430228,-0.102439842193828,0.332206137458445,0.181724586817205,-0.120512496048323,0.210605227802562,0.097103617494545,0.0499415280077784
"49",0.0246926125903714,0.0412,-0.0165073874096286,-0.037083960203546,-0.0910127945917782,-0.0263338101036918,-0.00680429025761597,-0.0643488218104356,-0.184674499055982,-0.32021464497638,-0.0707443248444797,-0.157514288783942,-0.119342138257522,-0.0681936174148312,-0.3171881720737,-0.529161821554595,-0.129695561300652,-0.176891503696037,-0.111690521657225,-0.307722823335227,-0.548173985648886,-0.458580701400843,-0.175167079315111,0.110156435744779,-0.119497929761051,0.0550568932123774,-0.265850578220155,0.329035006901215,0.090138395641902,-0.203868171348437,0.199975139759404,0.0934063203456379,0.0510339834107469
"50",0.0198026272961797,0.0359,-0.0160973727038203,-0.0586742245296392,-0.147776331394528,-0.0410442870410268,-0.0106114029157318,-0.0283921215534892,-0.0749612440417557,-0.200536996685296,-0.0621513396702351,-0.159160318636166,-0.10412379617927,-0.0341108269781039,-0.216786755971172,-0.526747576776577,-0.234397065497308,-0.193996588374457,-0.121602675816447,-0.205498291044892,-0.507954048027172,-0.417796171924443,-0.196792530069021,0.0845318648395494,-0.120743346186076,-0.0085449023561619,-0.277074445673318,0.290633989785585,0.12298152286026,-0.183024276724059,0.195077953079132,0.0881939335665898,0.0449707828824266
"51",0.0237165266173161,0.0325,-0.00878347338268394,-0.142377690662309,-0.147165785305308,-0.045264110300316,0.028357287629925,0.0532975054539175,-0.00709680397905466,-0.133278835482127,-0.0739912519901811,-0.162422729915635,-0.112999972215784,0.00472814119594567,-0.221549703537399,-0.333751763394966,-0.276561919295444,-0.136645900104691,-0.176119986530672,-0.213123388329698,-0.47800134019379,-0.333775044239029,-0.139157670988743,0.0918136115024737,-0.0896059734293306,-0.0996947814427909,-0.160854126896227,0.0896489156335045,0.0283375145984035,-0.204427811349305,0.184360832687984,0.0814614378470164,0.0386795543731715
"52",0.017839918128331,0.0287,-0.010860081871669,-0.0578870293175946,0.0286695442711284,-0.00839988139291847,0.0911027282484724,0.145241632772088,0.0234063759571939,-0.0488582863807068,-0.0704684025358731,-0.0845403576202699,-0.0925494889011524,0.0191120653904076,-0.131976674895643,-0.293577702498984,-0.285881891947634,-0.118092489472872,-0.128783296128448,-0.111718985006397,-0.419314528016861,-0.300240845083893,-0.125065743597247,0.0749120210234864,-0.0377809480668994,-0.0631428985978406,-0.138200985030071,0.124409597558972,0.00616084957751895,-0.15174195639811,0.169576631398138,0.072387025837731,0.0305759946818664
"53",0.0246926125903714,0.0365,-0.0118073874096286,-0.0459949070095593,0.0415775372468126,-0.0235791689213078,0.0867287143052788,0.118790559670305,-0.0452204702928078,-0.102697398238343,-0.0740495660561091,-0.0850146124607338,-0.0925043702797268,0.0240733791815195,-0.114506471135526,-0.288915444117249,-0.287816652897446,-0.111499988238714,-0.0936252594394045,-0.0914188439146359,-0.418989395578302,-0.315914567320629,-0.207543463857522,-0.00103258299223263,-0.144265894222375,-0.148281828817442,-0.198644004926209,-0.0287239894685616,-0.113867458975759,-0.175297415730595,0.153835489228317,0.062270541619764,0.0184095065358072
"54",0.0227394869694893,0.0336,-0.0108605130305107,-0.0343419175596669,-0.000724725240079493,-0.00913627617564305,0.129211731480005,0.106119241035652,0.0166190021284276,-0.0504591340365828,-0.0720533176400586,0.0232853657949192,-0.0530331656317937,0.0952786246063937,0.0866162728401907,-0.132318282521975,-0.248547842045246,-0.123039573412616,-0.0872400093878358,0.0388772475823282,-0.189386476003857,-0.0635925759966387,-0.0108487738894114,0.144580965751549,-0.0690765196627741,-0.0411115491948895,-0.0199314483002748,0.0831307553301359,-0.00101982433867587,-0.0153141841815749,0.133217185210134,0.0453220513111781,0.00783846779032693
"55",0.0227394869694893,0.0337,-0.0109605130305107,0.0154759574854477,-0.0388001706472583,0.0131944880795318,0.0578617311822676,0.04461822578285,0.0415147143575307,-0.0831586048249395,-0.0951601535494486,0.0335743666905532,-0.0063604454709747,0.155927405198408,-0.0197003597984056,-0.116337158797718,-0.286812885087194,-0.169604086044949,-0.0792724804184299,-0.0248905488451259,-0.0525368582296029,0.0606588354854134,0.0733755111025847,0.182615599753076,0.0329914669324936,-0.10182064252581,0.106302824635421,0.0162492894565158,-0.0557097124960144,0.0599237355136282,0.107150882474825,0.0273714327268504,-0.00352230534710074
"56",0.0198026272961797,0.03763,-0.0178273727038203,0.0180224658281389,-0.174776460220261,0.0255441730474262,-0.00834110489384798,-0.152557949832994,-0.0688387764099847,-0.167991731239129,-0.113840479155575,-0.0415373165059165,0.011138298235462,0.115091243990673,-0.0870925636133659,-0.321918965211177,-0.638030052417707,-0.245433285947834,-0.227796268248648,-0.0794510952710565,-0.0804219489329867,-0.0234544050837542,0.0341316847802222,0.115632450361341,0.00847365280427503,-0.0904207012134517,0.0114398270563854,-0.0194832243858061,-0.0872327391533139,0.0785817870338619,0.0859556931917762,0.0111989670199293,-0.0129085947477563
"57",0.0158733491562902,0.03799,-0.0221166508437098,-0.00716537643949344,-0.288415658497639,0.018404114576982,-0.0530018532370828,-0.303874548502709,-0.0320359033330693,-0.163278775876519,-0.114433589967934,-0.0901116176195735,-0.0158761493002171,0.117070290620115,-0.0931955195606831,-0.488233625919445,-0.243077766215027,-0.343071444061334,-0.219761742206828,-0.086444652022668,-0.0586551566761822,0.0252308461115991,0.11335736175015,0.0235068475991884,0.00369638617876689,-0.0789869557920504,-0.00236572956542247,-0.0418458622888744,-0.0219142096466189,0.204976966741794,0.0526210693664595,-0.00356453593557227,-0.028521885527022
"58",0.0158733491562902,0.03767,-0.0217966508437098,0.0232337035625836,-0.215730976318053,0.0284701616784746,-0.116199936272881,-0.167335814486131,-0.161958862275069,-0.187994857510555,-0.105185827911727,-0.0885033775121453,-0.034955015033578,0.11119046470963,-0.119102670120675,-0.370569732257549,-0.324469262951826,-0.308705164930851,-0.239104264373974,-0.1224718958156,-0.0953440924105298,0.080660268155377,0.150321910537514,0.0462424239942898,-0.00154463955689188,0.0201426296126357,0.0477064076502121,0.0193366005226103,0.0157689271669579,0.203283915267171,0.0289825482361863,-0.017672595993286,-0.039109470475605
"59",0.0139029051689914,0.03406,-0.0201570948310086,-0.019078845573528,-0.223687703206471,0.0213620688677238,-0.139380678143217,-0.143123895472718,-0.187954304828178,-0.228575171117205,-0.130822587356436,-0.0911505302348026,-0.0216614967811797,0.127752012268108,-0.0490921421273356,-0.42920625041306,-0.270736395605745,-0.367240489299217,-0.267007178720825,-0.0412472549987033,-0.0829474826606873,0.113679531821691,0.172584806326875,0.0791241216273999,-0.00819014751983715,0.0296802226795219,0.236151232747824,-0.00558249581451253,0.0388438536650515,0.266049990336064,0.0203674859790013,-0.0320873843918612,-0.0506152845382779
"60",0.0148886124937506,0.0307,-0.0158113875062494,0.0158857798661831,-0.194516829887773,0.018186164150066,-0.271961742782233,-0.153357815563721,-0.173943370107557,-0.181215265377155,-0.16458102210613,-0.136267671899779,-0.0694005355773903,0.0901001192121029,0.0091079081275538,-0.29715645689485,-0.208436524706633,-0.321149669589444,-0.274022622115088,-0.00415801014866357,0.186134639093009,0.333615014410166,0.483767875482108,0.183354894813878,0.135266780806445,0.0499582722518142,0.622384182556516,0.0341448531026733,0.317319165716811,0.604962089623977,0.00576226295229354,-0.0437636569331499,-0.0571666982606818
"61",0.00796816964917688,0.03263,-0.0246618303508231,-0.0705186575626335,-0.278603907116146,0.0475590967189738,-0.289960496768485,-0.202121756171988,-0.193121718615853,-0.177455367142782,-0.238196519943171,-0.260538102727626,-0.0558549725709447,0.0663262032400365,0.0265835927890796,-0.170294528198616,-0.46576846235038,-0.321213555660573,-0.232017708275245,0.0267641299772583,0.264222189618228,0.437456698650423,0.547871144924467,0.291971407894366,0.227280240145138,0.14120965241311,0.574407040932014,0.163888149598026,0.358453537709304,0.590053889340524,0.00205280740311942,-0.0439605663729097,-0.061495865323435
"62",0.0139029051689914,0.03151,-0.0176070948310086,-0.0378608503614171,-0.202148724268543,0.0777049886825694,-0.136982876204893,-0.122043015617762,-0.205852054204149,-0.192371892647456,-0.17520408902509,-0.142132154108017,-0.0300345708321856,0.0590293217757605,-0.0622562835551044,-0.0762205746084046,-0.196074229345992,-0.289188777573343,-0.247444019553959,-0.072202797803401,0.261885023516816,0.451860811775108,0.597324438093347,0.389573039511232,0.253177781840304,0.174931886428791,0.623450535576206,0.286054926921367,0.482355273416379,0.573903737073282,-0.0107089355892551,-0.04960057797771,-0.0644718387583652
"63",0.0139029051689914,0.03077,-0.0168670948310086,-0.0320752187755442,-0.188372308324109,0.0697289358408817,-0.0978296604446935,-0.208796943072404,-0.281979146358836,-0.254659534540821,-0.0623622417149754,-0.0665071099532302,0.0253657362835629,0.0777593646991335,-0.0792055372604725,-0.221955667587119,-0.187294268448197,-0.3077252578439,-0.236368170342517,-0.0895079045130611,0.394246563854534,0.578072634460916,0.826363056421921,0.554350851246083,0.37748550548968,0.349795545850144,0.706953042606756,0.588501214378029,0.569105201850094,0.653410489784337,-0.0174466354879943,-0.0574319405406474,-0.0647887324358294
"64",0.0148886124937506,0.0319,-0.0170113875062494,-0.0457261505820075,-0.267168116780137,0.0489709033933474,-0.0614269601023558,-0.284326212425128,-0.230584000994529,-0.206825346010865,-0.0504732861415196,-0.0772635443525314,-0.000374461715665575,0.120914773750144,-0.0744325947827695,-0.0010440230633364,-0.0421025595281694,-0.314130067804842,-0.214161454998382,-0.0813821123194467,0.577940500556627,0.760645137756736,1.14515811610357,0.665215638771443,0.487957047331083,0.49313728671517,0.792713304079758,0.700303171455671,0.909881262772681,0.867037125345835,-0.0167112422146598,-0.0584364707810039,-0.0667003278090625
"65",0.0119285708652738,0.02869,-0.0167614291347262,-0.0443329083256163,-0.364982154106499,0.0313169391509804,-0.184901514632642,-0.410284394544113,-0.135282195522874,-0.162658001885177,-0.0790892239807857,-0.0929193134195412,-0.0194981805144661,0.105558712071121,-0.0500357528710609,0.0373745921967483,-0.180976566678622,-0.267362069960823,-0.221216397123627,-0.0624310387980067,0.511152955400039,0.800153429763347,1.16002029409317,0.7554913662686,0.592851593714022,0.620182512201163,0.73578225458831,0.898029169896803,0.927542771628459,0.912576528960318,-0.00047731247950189,-0.0524649838813041,-0.0650042708384415
"66",0.0139029051689914,0.0196,-0.00569709483100857,-0.0533582527896748,-0.351715914559865,-0.0343763957414991,-0.19502820806307,-0.311862870648996,-0.166901205177766,-0.193191229030859,-0.0982702214328004,-0.159921386805738,-0.0670363893569004,-0.0320643050711862,-0.104290087699305,-0.148259482885599,-0.240179738466778,-0.367688682300207,-0.191263859293095,-0.109785217005379,0.536784326672921,0.694607102853199,0.998909706826938,0.677324412538347,0.53325806043661,0.505959959169722,0.702437408697937,0.677291212865051,0.7056473081156,0.964301569878449,0.030171533860889,-0.0419809527288066,-0.0585065111854224
"67",0.0158733491562902,0.01767,-0.00179665084370984,-0.0426774486262023,-0.282317345559151,-0.159166762971822,-0.239433100394153,-0.194417611931114,-0.170370623694021,-0.159118091469674,-0.137783702363054,-0.276019750662265,-0.140187413945894,-0.127967861456964,-0.163985763957346,-0.216584077840382,-0.452150625005383,-0.384533736945672,-0.360973784663029,-0.17282156457728,0.255653681559806,0.396018308058564,0.761782965634045,0.45383483075123,0.324264484977432,0.411007972161833,0.432763440781017,0.517712387259813,0.595961959695103,0.719066099410099,0.0749841977925492,-0.0332396998960434,-0.0528503479371807
"68",0.0198026272961797,0.02246,-0.00265737270382027,-0.0988232045063118,-0.210212485676466,-0.183078463604406,-0.223841794098311,-0.122545340411928,-0.194568822504833,-0.118854802938168,-0.151764546334945,-0.236294980118336,-0.190035553140426,-0.120819987543445,-0.0849586422394504,-0.232909000738191,-0.270035821575563,-0.404444178974058,-0.305833831335962,-0.0881960505936377,0.0701172622108759,0.271321719734183,0.61756854554433,0.329965884769068,0.243872493885849,0.307026320087909,0.348964049902015,0.216496692934102,0.506038659881913,0.594808657825173,0.0947762898405138,-0.0218232156428098,-0.0468396178181756
"69",0.0158733491562902,0.02307,-0.00719665084370984,-0.121002420206541,0.0116732843047256,-0.268916642929034,-0.229667677391154,-0.0222561115178239,-0.15549206165146,-0.0919374953256842,-0.173248482483848,-0.23234478728862,-0.188456983046215,-0.198604716719974,-0.0473722925883093,-0.0928937468926954,-0.172437677746639,-0.332395717962439,-0.301963172017198,-0.0481519465155555,-0.0379622497130923,0.10123095720454,0.429591932925238,0.232619396566648,0.169643884252386,0.196634767326238,0.310871360090974,0.151210830255321,0.330830352449068,0.368084341464362,0.113660940486495,-0.0160203676610191,-0.0351165637280673
"70",0.0129162252665462,0.0236,-0.0106837747334538,-0.165147051904045,-0.0584130193781132,-0.273951879639879,-0.213130034989792,-0.159604530509721,-0.193809463287872,-0.0768405664657816,-0.201544439510748,-0.201819003006632,-0.29694752589757,-0.184656118328364,0.000424358164654137,-0.208474269604414,-0.264971662046318,-0.366087695492937,-0.322971549402311,0.0165129105122457,0.032839572891767,0.191342268125817,0.496531665557308,0.317016512231405,0.303260479920818,0.282755803126921,0.349825531684022,0.366618939428276,0.469557285054814,0.372957482016168,0.128796672462073,-0.0128841844841858,-0.0269533804072584
"71",0.0148886124937506,0.02379,-0.00890138750624944,-0.142958040048921,-0.0404188906147667,-0.241124382810065,-0.279634772796056,-0.209236554065235,-0.135164757173426,-0.0368656807677024,-0.202174681307389,-0.283578838101747,-0.298445385753769,-0.270722486310786,-0.0725479601372596,-0.248673458016098,-0.27454839326496,-0.440085874378265,-0.45041036026708,-0.0768470535878691,-0.040988424852511,0.114062665992011,0.367220650449384,0.233223144756018,0.262379703662976,0.267787810382842,0.201686337174397,0.355683731135913,0.389989022165127,0.300373033385358,0.139866817541879,-0.00371723144012925,-0.0220261775578638
"72",0.0158733491562902,0.02599,-0.0101166508437098,-0.220096035449574,0.00459067370859856,-0.231455451448539,-0.0550486719330205,-0.197554888890856,-0.0451507562276987,-0.0038481768670362,-0.118700887946613,-0.222486161129474,-0.190612714377936,-0.215219461110497,-0.0697585232117337,-0.2432142367159,-0.28669344162484,-0.371158702029946,-0.276675392898279,-0.0734671518818724,-0.208744240397334,-0.0187159944495674,0.114597484463036,0.237154756469844,0.20325836468481,0.308355178468975,-0.0755759978457906,0.392781198337927,0.266512806732611,-0.00382392214680749,0.15870123250089,0.00637516005897432,-0.014766122145085
"73",0.017839918128331,0.02329,-0.00545008187166899,-0.214818248053739,0.0218840602683326,-0.246537028340605,0.0174861253706986,-0.104865343575414,0.0127770051654785,0.0481142360766746,-0.0224958361694192,-0.0957438366864967,-0.173218914878113,-0.212299138300081,-0.0684616332700427,-0.243291462609907,-0.109668608715475,-0.320205264157341,-0.370902215278181,-0.071473562841974,-0.356316973395421,-0.29798479683903,-0.186251863702613,-0.129606898033735,0.0290572646822049,0.0506344477435974,-0.16911054556294,-0.032950533130645,-0.0231417436997203,-0.210208705853476,0.170246744873806,0.00709281936848605,-0.00906604772281483
"74",0.0227394869694893,0.02393,-0.00119051303051066,-0.20603138887301,0.0247231380867952,-0.494348201143474,-0.0631210864565972,-0.224529072838244,-0.0208507954801913,0.00887317268048626,-0.00484731923432591,-0.167948882115173,-0.135794523886043,-0.131308675550271,0.0480662084439007,-0.267893958838375,-0.260170826115862,-0.248904788560752,-0.299842944440173,0.0561429673822333,-0.34047873574272,-0.272139209425315,-0.274693311000735,-0.239269589620655,-0.0262829047725432,0.00563389600377029,-0.216144455400828,-0.192193475829266,-0.25114315868016,-0.223133793741114,0.190959841286844,0.0146278436510183,-0.000593215428926541
"75",0.0227394869694893,0.02279,-5.0513030510662e-05,-0.152369071351197,-0.00093414299179706,-0.569570080761574,-0.13868338753395,-0.160469048356331,0.16354844228603,0.111558690900146,-0.126845717108612,-0.171008139594219,-0.129108610790038,-0.123958548735779,0.0710549002500249,-0.110783450712129,-0.322083499169113,-0.141686082735045,-0.236545407401225,0.0830081832633942,-0.377488556627446,-0.311644648858045,-0.33890801627079,-0.23740143476315,-0.0212660677208554,-0.0234098361701083,-0.209984077234649,-0.232421719931568,-0.226220880125492,-0.216980029443428,0.219333347776788,0.0285973667656219,0.00647736918075026
"76",0.0227394869694893,0.02163,0.00110948696948934,-0.170934126423059,0.0825337375591566,-0.491600636563591,-0.171271720607368,-0.0433000109585775,0.114266167065473,0.0846334640280251,-0.0959143312057762,-0.160905154715872,-0.057422824206375,-0.115614993210158,0.0907920998295353,-0.11734789357563,-0.461554574759208,0.0840762828514849,-0.0131260088195031,0.10346209119673,-0.512849936312505,-0.464815716994699,-0.70051246912131,-0.371396699802055,-0.165567808013373,-0.166626493553146,-0.327560651885442,-0.373944091776304,-0.648715726499636,-0.470732369154502,0.233951739459988,0.0477782351221769,0.0173957135773222
"77",0.0198026272961797,0.02218,-0.00237737270382027,-0.170996407436901,0.229835252245322,-0.418531851801432,-0.145900466696983,0.141820483919899,0.0215724852541275,0.0345156421748403,-0.0936301758723381,-0.209871508562184,-0.0705898619060772,-0.111855336023108,0.0692144229016325,-0.330714388368389,-0.184000384591893,-0.161342650158513,-0.104206003311002,0.0787528072837009,-0.51304685996265,-0.54036852462883,-0.728220708992916,-0.46394926611349,-0.206534649590326,-0.285501568704008,-0.257869895309607,-0.540040587490887,-0.697725401966552,-0.539065421460624,0.237578666256519,0.0651521758313507,0.028295196857119
"78",0.0188217542405877,0.02338,-0.00455824575941233,-0.0699551648580776,0.32799552133285,-0.384317251729847,-0.0792757384425347,0.270934215150557,0.0282150378004591,0.0631860198952072,0.035590945102701,-0.119116546988812,-0.0127593437537605,0.0616016614642625,0.174881881828091,-0.124155117435393,-0.107654094644925,0.0741414903960287,-0.101308198452879,0.182392551788838,-0.545112365693798,-0.437007231430366,-0.600161215944156,-0.399204670022669,-0.0999923800306579,-0.152865018987656,-0.235307001346641,-0.327239498704457,-0.472584351060035,-0.611764312280406,0.228628839546905,0.0785143527087353,0.0349359846088326
"79",0.017839918128331,0.0239,-0.00606008187166899,-0.163781319466423,0.290095450627118,-0.327980874383929,-0.0170168598583693,0.0916644830847764,0.0410735352082874,0.0958381977692024,0.0668440998834559,-0.0149628726767119,0.00162999221092974,0.130627044586952,0.271912040670857,-0.138325400847233,0.182549113968677,0.155515495106672,-0.0796801392347728,0.27688031295101,-0.311146993885823,-0.20480156248231,-0.409710140805275,-0.191813710503423,0.0919206760597202,-0.0190024493668748,-0.0854043320089897,-0.173963450315213,-0.392308754679739,-0.40019641605537,0.213411754361164,0.0939535561673921,0.043810275061972
"80",0.0129162252665462,0.0224,-0.00948377473345377,-0.115861343976841,0.257516765471474,-0.30790881794192,0.0213080333557656,0.0666196873413964,0.232737067820581,0.145843922797027,0.0728454342852363,-0.0794488582393296,0.0292864816005984,0.198025028503329,0.18588611967465,0.0561447290091017,0.354511057210892,0.211649171888475,0.0857668217574252,0.191349519302145,-0.127188430480663,-0.070079186831224,-0.246376996975095,-0.0712836074661052,0.144984938676982,0.117683634074305,0.106018754847415,0.0896588304800909,-0.280090291689457,-0.306031160339583,0.219738934798768,0.110781860911121,0.054598573399085
"81",0.0188217542405877,0.0215,-0.00267824575941233,-0.0894738259069037,0.180062398176167,-0.258155597273918,0.0605533180266082,0.0723381076494638,0.214245016123293,0.152244101556676,0.202064035523156,-0.010294402644119,0.0543157723318526,0.288688522969053,0.205305358065806,0.160326261871408,0.0436886950023307,0.21500537816816,0.0865546517019462,0.21422974589828,-0.0751989110425351,0.0197222474331742,-0.204959868640358,-0.0158127636317698,0.152692280559712,0.151327859384645,0.10390454365219,0.0857766057518488,-0.202381541563392,-0.222815218808359,0.23677300482727,0.138669067925639,0.0656708519321878
"82",0.0207825391825284,0.02185,-0.00106746081747159,-0.0114168339199061,0.215090845946859,-0.178033244103178,0.198791099574606,0.134995164537504,0.301295378258011,0.192091766679303,0.443205436091011,-0.00906859434242691,0.307314017302236,0.32396302770578,0.169905665963072,0.266961973716121,0.0988409651273088,0.36802605624716,0.0222599766601963,0.175843766612769,-0.0694474877261211,-0.0506577841563747,-0.263001289559512,-0.0995542168922618,0.113333714576383,0.0423453250784949,0.036773018439602,-0.0975686367445761,-0.250983176244967,-0.263504405947575,0.232795682055796,0.160403081249944,0.0778909923612865
"83",0.0227394869694893,0.0219,0.00083948696948934,0.0782493179964945,0.192450604914804,-0.200846519638428,0.241795261095128,0.226377871947962,0.299167733443696,0.241008764872079,0.438041278542778,0.283795218065805,0.265424392660679,0.587873568526055,0.209824971870158,0.609710673319983,0.263589379475241,0.618992217029132,0.175692523602014,0.206329426295919,-0.0231720337687422,0.0126537919554703,-0.10898826574164,-0.0239767567660785,0.158999457539164,0.0693185270105854,0.0400463550148284,-0.0954773062144607,-0.109258484013001,-0.190839053918383,0.224714974022305,0.164617066224851,0.0883346267895551
"84",0.0207825391825284,0.023,-0.00221746081747159,0.172592501595835,0.200975992365759,-0.22011064861355,0.213143467979627,0.172272643416572,0.248791201801696,0.203248385561926,0.250855186022548,0.218312624044545,0.165451719942658,0.442018885364734,0.177855863188523,0.538446294391434,0.574968809851961,0.486839860236905,0.102390006365533,0.170064381869541,-0.0306327863825668,-0.0496716748746637,-0.1804217718521,-0.181035845542194,0.0806405213711354,-0.0296801696276017,-0.102909618475932,-0.228271200985655,-0.13396371274028,-0.216942187493536,0.21107850931222,0.165107706484532,0.0947980337284253
"85",0.0246926125903714,0.02751,-0.00281738740962859,0.180806117973907,0.222655627420655,-0.216062736406106,0.208087560796804,0.182046491464205,0.283972279655044,0.215283560866832,0.301291218170929,0.294255982412436,0.249919403641741,0.56597894709072,0.116431085612463,0.720175852947865,0.540033173107504,0.609585893244703,0.150974240540815,0.119456298626806,0.207157004341044,0.270168597067422,0.13645142395577,0.118569186182206,0.278550373285595,0.190613941932787,0.124130301044358,0.0515970814257329,0.0885801762003746,0.0784306135796324,0.193634431352113,0.1678078132877,0.0962033145575312
"86",0.00796816964917688,0.0277,-0.0197318303508231,0.168371521122737,0.21234059822973,0.0400434814408417,0.0872946229906741,0.22279687077685,0.158194356991068,0.148785479935036,0.227603948508499,0.281637239037508,0.200791257280368,0.48564443713583,0.0849331277700927,0.583315036084301,0.423520271174218,0.608711133348048,0.162190924145824,0.0768365319276532,0.172948417660699,0.24626272444933,0.208920447565088,0.194045257924548,0.328092677756295,0.229612062812645,0.153584180822874,0.110989231874664,0.234365893273459,0.109973705906484,0.175813802458451,0.166692688514013,0.100233775888791
"87",0.0089597413714718,0.02783,-0.0188702586285282,0.0944932185908964,0.186983569899766,0.157745650745118,0.0821293493923214,0.172029870757408,-0.0239731193011679,0.0129034048359085,0.189207958823587,0.259712546083621,0.167250381202434,0.503743441189698,0.0847680207695953,0.373421641921148,0.510400001286698,0.400109921267029,0.534937347580224,0.0807212987523833,0.124941390800494,0.144932137083293,0.0847985246754774,0.0821511080225186,0.255872462543159,0.197608930939426,0.0271752728756933,-0.0238569493962109,0.184232435282844,0.0208918278547401,0.1511836201181,0.166539762049558,0.107571662752308
"88",0.0119285708652738,0.02885,-0.0169214291347262,0.0350056091988158,0.138102660630507,0.063594214619429,0.0206074836841061,0.0569692885438773,-0.0580200371915467,-0.0603013633684935,0.104505449338093,0.208754813862109,0.121258851461878,0.360302318072732,0.065010108036196,0.14278756043009,0.44232321283132,0.177635878560618,0.0543652039298896,0.0623984768144465,0.0642649809990319,0.141018622583972,0.13607364042957,0.0975989215763242,0.280278043021779,0.222829693935756,0.0190404075525503,0.0169630535901337,0.245844138832732,0.118731586887468,0.135190964842851,0.157353571450921,0.111420188204516
"89",0.0148886124937506,0.0316,-0.0167113875062494,0.0158201449318618,0.0305184889396006,-0.00494438584546408,0.122649892436987,-0.11020644018592,0.0075930509075981,-0.0386968329352406,0.151230969723924,0.240643167228939,0.120803436915743,0.389378970356539,0.0900274353391133,0.204146273396011,0.276079543814771,0.464548557248744,0.0689358898065464,0.0821479716089986,0.138544125421029,0.119620975305759,0.098309966053244,0.123532013483304,0.296778532949549,0.254932394714846,0.0562819084135082,-0.0425965291706945,0.285722800810134,0.154768524658834,0.117102120464876,0.145708865992209,0.116503455810344
"90",0.0148886124937506,0.03475,-0.0198613875062494,-0.0225477141252277,-0.21660717729949,0.0686123298447612,-0.00499584719337243,-0.236191266706685,0.0210292589834982,-0.0289008654877545,0.105273099249711,0.235925141883873,0.110443881618547,0.323565421324398,-0.0274968225037338,0.159968468592798,0.359922630430707,0.365006155886324,0.0238154545260763,-0.0320647792797475,0.14915230749427,0.17950570777329,0.151979385989057,0.214272066690549,0.327068654536172,0.265030816254912,0.103606993852484,0.0390149785097096,0.343258719416295,0.182802039281979,0.102231488771897,0.137005325064438,0.121729575256389
"91",0.0139029051689914,0.03453,-0.0206270948310086,0.0540379973124736,-0.158940023005679,0.127144903324344,0.0854846591358314,-0.0375582473206109,0.0914615541430308,0.0369212920767374,0.185416850001483,0.286226371804327,0.158561598180281,0.31288553338527,-0.0352957054319054,0.121645109422328,0.343005913580443,0.404646442487329,0.166727778984365,-0.0378372436420706,0.154534318094065,0.258989253777535,0.14649362227936,0.137238529391441,0.255439723383315,0.131048078613,0.157963130309419,0.0231839197792487,0.301499386146251,0.142099800598529,0.0835821967227126,0.126463876585371,0.126483851810246
"92",0.017839918128331,0.03428,-0.016440081871669,0.0489958408464215,-0.138170007838907,0.149627120141949,0.144581228811107,-0.0669901263158117,0.0132598627883382,0.0102139413336868,0.321766089231517,0.372399613333048,0.2922448180102,0.352034306485729,-0.012585471445993,0.302958874289757,0.455027722439153,0.463739209701872,0.0398750955434215,-0.0164821254639635,0.120649670798233,0.282220947278698,0.108469520143712,0.122759632468515,0.318141981934351,0.120238592446583,0.121801811078157,0.0505426210349516,0.323687522620539,0.108184079494519,0.060832333778789,0.114508660483249,0.125399400568424
"93",0.0158733491562902,0.03428,-0.0184066508437098,0.0291565842914565,-0.128237330311581,0.195169699271803,0.0778902325952924,-0.0409528474635428,-0.00470589103741226,-0.0346256885033487,0.103855624478406,0.307320810739473,0.288698229433843,0.350096425560757,-0.0225526738670263,0,0.423120043346885,0.46463367142502,0.323163196716089,-0.0256419746087726,0.144315162045032,0.31753300935333,0.123748345399694,0.166276397148819,0.425103143291535,0.159696218241812,0.12336393653983,0.101708438602308,0.410852266957275,0.120553245327735,0.0342992405619373,0.0935891143849918,0.120668339421943
"94",0.0188217542405877,0.0346,-0.0157782457594123,-0.0549809998078494,-0.176996948678429,0.0863528323494318,-0.0552853156570894,-0.047170316421913,-0.0410594794166332,-0.090460639633454,-0.129424610671869,0.334648607094067,0.152116505000524,0.298803356092366,-0.0171499825712873,-0.0656212053584735,0.41132218759756,0.331535872289035,0.26254439596397,-0.018168499470594,0.0803842887798272,0.27259898331443,0.115082924522572,0.21697572170898,0.496979297585382,0.22957052109388,0.132905041008371,0.165112065863555,0.359735624816954,0.137241301730499,0.0241804586320118,0.0780687275743599,0.116310149333971
"95",0.0168571170664228,0.03583,-0.0189728829335772,-0.115896971867789,-0.150822889734584,0.101096116871369,0.00320855890236516,-0.0409353025482497,-0.132516117259266,-0.196588103114534,-0.12744494656812,0.13234072300288,0.0918406378412033,0.0751006204345046,0.0324568422873828,-0.253945233764091,0.143468085657286,0.273686564311056,0.47874749142515,0.0244738420797637,0.103612083422991,0.226217837605725,-0.0310235979828564,0.130178501785295,0.455142307046554,0.155328687616368,0.111800532360284,0.0986095717373399,0.214462248564717,0.0898062923193583,0.0184545616702216,0.0758053587451641,0.118121323529001
"96",0.017839918128331,0.037,-0.019160081871669,-0.170381945293624,-0.201586865933931,0.176930708159078,-0.0182560851158104,-0.0114450462458731,-0.173358628674256,-0.209930316524801,0.0660947854141209,0.204525342282489,0.17042565232313,0.205228588494048,0.0275439209204444,-0.250764221939653,-0.1499336055497,0.264924206749336,0.282462353543417,0.0322722712210659,0.108059263061441,0.25632834340596,0.0474623739433886,0.25020875618125,0.593432025620368,0.234061953723108,0.163118890031035,0.204883738737645,0.219231731539797,0.0950414611086297,0.0141894891959407,0.0742158049315087,0.117637127061336
"97",0.0148886124937506,0.03803,-0.0231413875062494,-0.177121828699384,-0.189964157191794,0.138729533002935,-0.0507824386931723,-0.033925267746878,-0.189547345179205,-0.19380764307356,0.0507192964764496,0.104732966217714,0.0477037979572117,0.155836547043069,0.0335780559280732,-0.466201343295996,-0.158580240139399,0.159909958560831,0.30307278684003,0.0285183388550321,0.160726617050343,0.226669640564569,0.0405862387138338,0.303362837929518,0.644299449814952,0.240368795882711,0.238423650142829,0.181379488634134,0.178376718965757,0.0815270606604441,0.0124114473073256,0.0756796217834026,0.121138497287042
"98",0.0285874568519125,0.03583,-0.00724254314808753,-0.126692995500864,-0.1813839564884,0.130098716449979,-0.0141178815457863,0.0380998462322708,-0.0885533973414443,-0.128844290909383,0.0289875368732524,0.0977211232329349,0.0320312081336755,0.143887419454694,-0.0328193898144047,-0.358527940145278,-0.0525143281707692,0.120149605858501,0.291856103235022,-0.0344347033551502,0.0729040380113846,0.172939744994066,-0.0377491250615138,0.211349203246584,0.527004434927937,0.200258985536019,0.13449311960324,0.192335117172861,0.155176749163089,0.0495656585859621,0.0104710444300249,0.0768741296171846,0.120219554620689
"99",0.0207825391825284,0.03313,-0.0123474608174716,-0.00555189793555222,-0.123613955967176,0.0427340409918804,0.00434075559491909,0.113303028163411,-0.0603913530197442,-0.0495300828121419,0.0423893929602688,0.0443699477359409,-0.0119458434145869,0.0583895911902772,-0.029429916884891,-0.353723040423461,0.0977453871305745,0.0483990279136375,-0.097899234500705,-0.0270158437275079,-0.000986562236144906,0.139879820876353,-0.0602800977938971,0.151971747486234,0.388568313456911,0.25892754737716,0.107155556625377,0.193108077042046,0.0683883289121177,0.0359885209843425,0.00669993773875177,0.0720818070442206,0.114366780585842
"100",0.017839918128331,0.0335,-0.015660081871669,0.0166604408931068,-0.110695697403354,0.0638451199772332,0.050272943978749,0.120043192450312,-0.0339283035917894,-0.0152252075970658,0.162305048628603,0.110086514160502,0.0170706113572976,0.0946815784216568,-0.0424366283160706,-0.263756951389038,0.109148565820218,0.153311636287615,0.195522091805236,-0.0469203123307267,0.0139020180037157,0.104571701684413,-0.0769242935712251,0.0960314333841019,0.348851359700504,0.250030737270572,0.092648079611104,0.0783776392438442,0.0341328430333689,-0.0547493207836149,0.00413865364525989,0.0692632211401705,0.109695866314741
"101",0.017839918128331,0.03007,-0.012230081871669,-0.0166312846275449,-0.118927181839615,0.0978977944562365,0.00654309858893676,0.136704720411209,-0.0346321643790937,0.0210752315854208,0.118061470852391,0.117734237315517,0.0543135756997426,0.0918233544071843,-0.0291178011797149,-0.102622897385478,0.102266590537878,0.143268491747691,0.518850775095572,-0.0340177535555624,-0.000782094423450452,0.113101365411859,-0.0559857423516883,0.146800578158064,0.448333481950399,0.337470027669781,0.0104269402172079,0.116777272129943,0.00648327487430844,-0.0510693264544413,0.00408310153429703,0.0683299993874122,0.105624796332105
"102",0.0188217542405877,0.03185,-0.0130282457594123,-0.0483108802363468,0.0745907777021966,0.0541607010553404,0.0220151984315677,0.160509407068938,-0.0848467624249007,-0.0615097454754121,0.0706175672139544,0.0807559050973552,0.0160402654905738,0.0281955078119047,-0.0177157404657784,-0.237562120852347,0.000800747406993096,0.134778346252061,0.540690318703538,-0.0207017595401862,-0.0588914063763024,-0.0251247135353383,-0.178563996545195,-0.00229423725832589,0.299892027868561,0.220139198375499,-0.0960478129963622,-0.0629806314759387,-0.362631377019657,-0.137270759035822,0.00406192403685246,0.0672872362999648,0.102752622806277
"103",0.0207825391825284,0.0321,-0.0113174608174716,-0.0388841048989939,0.0738051712430057,0.113869664492499,-0.0142821787648018,0.126484147109119,-0.116727771857235,-0.078692268575665,0.0339996582194662,-0.0111866927677227,0.00761512852725232,-0.0879142052584481,-0.0245489189449755,-0.191898709389315,-0.158285517178991,0.126270589440303,0.511702781830286,-0.0237961983234056,-0.114200051725854,-0.112752773382871,-0.196630806412619,-0.0196066592512292,0.269935060865036,0.219457872374587,-0.107096471253318,-0.0579803188338026,-0.287301865137555,-0.0697942164354854,0.0034159649027341,0.0672762531303039,0.0982323796464204
"104",0.0227394869694893,0.02893,-0.00619051303051066,-0.0691765093535945,0.0694805574268784,0.116007361913706,-0.0667763947760598,0.138520777455232,-0.110537122485395,-0.0823742051264595,-0.079822273417161,-0.0804543150059569,-0.101490085920831,-0.186346021561116,-0.0471147935028995,-0.282641231048888,-0.214321817985061,0.0616780329044335,0.591855846508846,-0.042884972315349,-0.0968639807258409,-0.233641149386415,-0.262558083171602,-0.12995690892015,0.127323470076433,0.130567383753171,-0.154597789933604,-0.172050379030813,-0.255147966304087,-0.111199390484658,0.00357786474101829,0.068361290700409,0.0954865480978171
"105",0.0246926125903714,0.02836,-0.00366738740962859,-0.0211201092145323,-0.00245173276350918,0.089274377906202,-0.00158436790470162,0.195502211637755,-0.159365024995346,-0.0375757053797905,0.0052572407979703,-0.0252927926624036,-0.135535663261919,-0.180892074448039,-0.0472557815918568,-0.07674998161656,-0.1782299388907,0.0899213769645719,NA,-0.0509160578586192,-0.00829647705639314,-0.234463622561726,-0.222426316854473,-0.135533754085708,0.146152213278967,0.0952323146926144,-0.0874852016816146,-0.263185900537095,-0.365780713705684,-0.0585909955309063,0.00381804761837756,0.0679933138636457,0.0930187878291164
"106",0.0246926125903714,0.0299,-0.00520738740962859,-0.0130430598881563,-0.0107809453257222,0.133757816264118,-0.0457684184555802,0.170625517030762,-0.211596780665738,-0.081594678579286,0.00156006271890163,-0.0881464797366434,-0.154608939974283,-0.180933631519105,0.00508537238327911,-0.167807948249566,-0.156514305982094,0.139387163762169,0.331209338141581,0,-0.0770113515042103,-0.338937022545916,-0.345107190152778,-0.344621686688756,-0.226041336290351,-0.127679605129796,-0.129966632280308,-0.467841294420889,-0.535134834418774,-0.158032119111787,0.00418541170354203,0.0699903803467201,0.090568725032826
"107",0.0217614917815127,0.02837,-0.00660850821848729,-0.0729324694910307,-0.0716715216671844,0.129370650828771,-0.118918223251161,-0.0386259891867846,-0.248839896257689,-0.0760309230261509,0.0474022388945841,-0.0619641273480713,-0.0661456848401851,-0.194731984967191,-0.00214324068467242,-0.258162206694529,-0.327811887832008,-0.201059951987112,-0.0122629273946107,0.00109337426155864,-0.183817242793112,-0.398328316171208,-0.282622626347163,-0.306219511587337,-0.152020649354009,-0.0396511363293914,-0.172631796883861,-0.390157007549502,-0.460290912531423,-0.18172239916782,0.00342905946084215,0.0689397198399533,0.0865779171658598
"108",0.0188217542405877,0.02645,-0.00762824575941233,-0.0641153886631987,-0.108658884766774,0.0277417844906855,-0.12988255255482,-0.0592766099295403,-0.153449841978816,-0.0532638116351336,-0.0297845613575287,-0.145961601411672,-0.105911631681696,-0.213880408864561,0.0323950798651875,-0.225090282306857,-0.472383720398796,-0.109645439890707,0.118601526476263,0.0379505817191861,-0.270204665933333,-0.439462722140611,-0.309217387790289,-0.358731068956462,-0.253195150654967,-0.245468012478526,-0.223399148003361,-0.471343376277197,-0.482972124389569,-0.0745306568747237,0.0040329716341958,0.0683929925488194,0.0835184187386862
"109",0.0168571170664228,0.02575,-0.00889288293357719,-0.0368811606697079,-0.144509102629601,0.0383398545815394,-0.110024650158326,-0.0896343930172669,-0.0822270965922254,0.00139227311038681,-0.0522506903438789,-0.10014293103611,-0.0703987690880119,-0.197825743329918,0.0354521352580859,-0.151308423058328,-0.317425043931208,-0.0583301657429107,0.206015971530578,0.0457130698806196,-0.310290738111815,-0.463089266307591,-0.292154049540954,-0.356076476779792,-0.220474121712762,-0.269838561204827,-0.235463376174261,-0.411290238765185,-0.37307110823002,-0.0981245352227029,0.00518013588230914,0.0653395124751093,0.0805416741790612
"110",0.0148886124937506,0.02415,-0.00926138750624944,-0.0741922749694854,-0.171665308064493,-0.0115544614218663,-0.100166608268085,-0.188213378872558,-0.150629549428681,-0.0171183219429487,-0.0367575837351843,-0.0481646488096938,-0.041844116241716,-0.191563450402741,0.0516232124608891,-0.0341947247431733,-0.268999776682446,-0.0738209155346166,0.211217543726651,0.0586838856030809,-0.131796545264991,-0.26618001110472,-0.12033123061966,-0.205435989794287,-0.0262457406799701,-0.0593218692886737,-0.0178365914754295,-0.16355108328977,-0.132274781290628,-0.044557405498546,0.00592769963327555,0.0617351640843022,0.0758227548731405
"111",0.0227394869694893,0.02409,-0.00135051303051066,-0.12553436773487,-0.201808444467451,0.0524673899677932,-0.0995421865545936,-0.218903036098757,-0.151708514988506,-0.070845066867367,0.0201557210923049,-0.0275767677702348,-0.00255241706483922,-0.0973033152222058,0.044355567101567,-0.000433557344749147,-0.422284004918194,0.114735631124663,0.222053563067931,0.0390812211033902,-0.0843604123457879,-0.171073361864778,-0.0452894319570634,-0.125483248846534,0.204807569912257,-0.0911171815798113,0.071737160494191,-0.120276790621287,-0.0806934959244936,-0.0227422265705997,0.00559442864415338,0.0584044601635281,0.0720750060434057
"112",0.0246926125903714,0.02399,0.000702612590371413,-0.126177732132458,-0.242601113044508,0.100551281948428,-0.112208623155702,-0.211253179327961,-0.103044668893762,-0.0674250634835509,0.0165889126930825,-0.053529141341663,-0.020590502355077,-0.0903132532777153,0.0364071722061388,0.017086943648291,-0.274492380431806,0.0642062051544858,0.243343906379625,0.0375538917654268,-0.0859186993133454,-0.170651848146459,-0.0443516114327238,-0.0140165760693787,0.316250845939171,-0.101208217836545,0.124655271775303,-0.0945818989185074,-0.0365590612916424,0.00209109260294049,0.00590175560330586,0.0551056510402006,0.0692708060973555
"113",0.0266419309464211,0.02685,-0.000208069053578907,-0.0235369376591752,-0.0879484712629477,0.105472868896526,-0.1644389300876,-0.0336618789989309,-0.132078147720613,-0.0620572715007111,0.0140068637203719,-0.0998882794795595,-0.0354080723692576,-0.160574942264059,0.0637630974665422,0.0397791613388758,-0.345543803634049,0.026345609770301,-0.00595310723472231,0.075309955836028,-0.139622043767464,-0.195780926062928,-0.0837060570325203,-0.169088480388726,0.140598144289886,-0.321412668880541,0.0789032737688515,-0.240953826667024,-0.161939425662771,-0.038372228127546,0.00546657627015534,0.0525519165529875,0.0644449510800928
"114",0.0266419309464211,0.02567,0.000971930946421094,-0.0669164708690069,-0.123396307693431,0.0885058663393403,-0.160247982240872,-0.0815352452640425,-0.126262044163491,-0.0324195210227955,-0.00588236990306612,-0.0900740580767661,-0.0221675147917608,-0.155696414089048,0.157225785739571,0.0850318838851258,-0.303458663571387,0.0667169555073315,0.0540305435391559,0.163345559755001,-0.0764067908824098,-0.0964798415255101,0.0453258883233341,-0.0597539303137289,0.279682887981069,-0.215780949477329,0.217414689257678,-0.0840461386980005,0.200292319813041,0.0298247402910947,0.0054988355368053,0.0542369631287567,0.0589218551080251
"115",0.0276151670329734,0.02654,0.00107516703297339,-0.0775846974232675,-0.150548252482892,0.0408003609709464,-0.19854190274763,-0.145626879824079,-0.107518112840692,-0.0443110463249106,-0.0354724125357411,-0.0606622882550152,-0.041540643491178,-0.0837607325532588,0.168667147993133,0.0348068509712398,-0.238471651919787,-0.0617832571640466,-0.0163938097756766,0.173586353182675,-0.0937413507677398,-0.173243370942464,0.0479651704591877,-0.00256878110868897,0.314474032407583,-0.15184084664984,0.182646165164632,-0.00416250454855494,0.14437974189648,0.0120316753225902,0.00824593961143805,0.0512411843711771,0.0550683460078734
"116",0.0276151670329734,0.02587,0.00174516703297339,-0.0310557899373123,-0.055553599052196,-0.0127187724077746,-0.289616819339708,-0.0485805087293141,-0.0185610608027442,0.049118517480542,-0.0906648257297906,-0.0386115944633154,-0.0435970877530796,-0.12600916669313,0.291647647174351,-0.0558342235305869,-0.35560006028096,-0.210648695968953,-0.151505758734993,0.283203919447197,-0.146023767207771,-0.107084955183821,0.0678419549773457,0.107072806110462,0.508424778660601,0.00533760277533446,0.151191468652392,0.075178532230443,0.0216131614323434,0.0656724271448752,0.00642010290614436,0.0492851704935422,0.0514104618702689
"117",0.0295588022415444,0.02537,0.00418880224154443,-0.113456761811543,-0.0308483722566031,-0.0168987395542484,-0.232836251509227,-0.152806292441265,-0.00341006298054225,0.00545517888803815,-0.0358406641700508,-0.0589375326441637,-0.0265173748517942,-0.141872112551443,0.262465645420994,-0.0682082500265349,-0.405614506778795,-0.123220164518042,NA,0.266313267290258,-0.224102419657505,-0.107367960693506,0.0413138184163131,0.0664812880045105,0.372101874903912,-0.000247792972208671,0.120326505082948,0.196891746621604,0.131439600902091,-0.0028351435612981,0.00701017020672978,0.0476899891413716,0.0495512985647064
"118",0.0372957847436969,0.0267,0.0105957847436969,-0.0536483146105144,0.0462947587002507,-0.00635932190829269,-0.221079567093359,-0.105863407295278,0.12328267889103,0.101954082727934,-0.00703952848352785,-0.0370911677621741,-0.0143629040003628,-0.130695446783186,0.212067949900375,0.0676253295786662,-0.491921831939879,-0.203388344351879,-0.0542109345338204,0.217106372201548,-0.162770870528653,-0.00230596095846014,0.103413960722716,0.233078562759134,0.665927409301881,0.215327107250129,0.159010371614034,0.333904877939592,0.287206423300646,0.0391478016416258,0.00464939011617815,0.0444867193944756,0.0473404455154185
"119",0.0440168854167743,0.0272,0.0168168854167743,0.00655740054615883,0.026890224560896,-0.0322608622182212,-0.134992815622645,0.0135260698622517,0.304110510464479,0.146049610981926,0.0555281419099494,-0.0477018274032002,0.0164087546663918,-0.126976735588931,0.181785028121512,0.141175032600248,-0.355046321865546,0.10143725923103,0.15934114773809,0.185394817321066,-0.100318519896522,0.0702751293336092,0.0724294828428169,0.217592323297939,0.559266640780248,0.14184413593701,0.147368801692659,0.310260725814785,0.194338141953253,0.0695670909529067,0.00566303812725977,0.0421626532978152,0.0450115568395262
"120",0.0440168854167743,0.0268,0.0172168854167743,0.128257060434404,0.121409512885556,0.0249019489947369,-0.15541410387403,0.0567554488606357,0.347808287846819,0.236525881077773,0.0107942451308816,0.0227818985831352,0.0350279536753799,-0.139375823349175,0.188341835469055,0.138721620166782,-0.0878782711132331,0.0454231576215278,0.176899942714822,0.188286965838649,0.0384214277902943,0.249040274458904,0.164789738637052,0.320953671040538,0.583997527640991,0.324907622521792,0.289669827841681,0.467145271806816,0.311295852983966,0.0183867275021345,0.00704580258718934,0.0414956006110057,0.0450185727972645
"121",0.0525924501191706,0.0244,0.0281924501191706,0.176581604320946,0.0598822834164929,0.0291257018885549,-0.202128745103957,0.0344202238864799,0.243339569646148,0.121678818871395,-0.0115608224010764,0.00249480378878175,0.0448862897879252,-0.18790279640665,0.197931124089456,0.0785132656216376,-0.180644743803097,-0.0502116285168093,0.00286421234736878,0.191159877583188,-0.0919346164307209,0.200438353825112,0.0924933748755299,0.237752639001394,0.414242878520408,0.349937956609731,0.152244351219199,0.552123903967892,0.331344114344377,-0.0332010849569864,0.00676145672854922,0.0422929764197217,0.041666871515913
"122",0.0506931143155182,0.0229,0.0277931143155182,0.206181382993892,0.0513635659873133,0.0632579561296556,-0.235884442709331,0.0911994788679182,0.107774120779062,0.0035174148118795,-0.026879088551242,-0.114778203317394,-0.0334230887914959,-0.309155053204915,0.256023225433366,-0.146582430199407,-0.380747062844436,-0.107058536531429,-0.0445578877632844,0.243812728011726,-0.252678513122023,0.0115288387129819,-0.0371046247725113,0.109009747894454,0.306590186683758,0.151417012552123,-0.0138741656116981,0.335562362628128,0.160537532022834,-0.106329206125199,0.00603065245582179,0.0379063454210957,0.0366362047785422
"123",0.0421011760186353,0.02076,0.0213411760186353,0.381638766825029,0.14743253358213,0.105686726719274,-0.416893803931787,0.158759376215441,0.108769557518347,0.0256236566471966,-0.233170631083336,-0.213221718782696,-0.168615261509455,-0.395648672362647,0.251753289443251,-0.175924024815766,-0.565285540898372,-0.138488270341067,-0.00772801373141263,0.25813964018301,-0.297567261537796,-0.122343117030149,-0.146672739510702,-0.0466837135233558,0.192777095890481,0.0925692915760319,-0.129566456567503,0.0855562046491771,0.0429494208536019,-0.118540696157271,0.00696577938835219,0.0371111787101555,0.0337813139159078
"124",0.0324671901375014,0.0182,0.0142671901375014,0.306179965303963,0.0775582343458741,0.0817702748455265,-0.305726150458904,0.0644162044595395,-0.0161438483713567,0.00483721873434995,-0.244288280543154,-0.132947519191692,-0.12131536006393,-0.286230194307311,0.299142299746847,-0.144137269069034,-0.644043021296173,-0.131023014453762,-0.039977107953618,0.305269078349778,-0.295073407845389,-0.0378648596158744,-0.0654859550592128,-0.0344970359493555,0.188236135738565,0.166690187247232,-0.10322238056794,0.269882885787696,0.0645200059973599,-0.116293510640248,0.00864439328774935,0.0362587802020382,0.031578709967123
"125",0.0237165266173161,0.01143,0.0122865266173161,0.230922686292546,-0.0413444710709339,0.0473928766068159,-0.173773951011396,-0.0448097364425637,0.0573073452573052,0.0183822079980498,-0.124577662843604,-0.0565749166457437,-0.0729127095969915,-0.241096262293162,0.299115435055628,-0.176917466019942,-0.4922377279979,-0.0646623459079905,-0.0710079339014058,0.298697132682459,-0.28153476098475,0.0234412078070605,-0.0247003774594727,0.0964137074969216,0.256718688661751,0.29531048870281,-0.0670906556879718,0.361876969971596,0.126706737502476,-0.125647629372663,0.0118639007275867,0.03368376381896,0.0297911960082864
"126",0.0246926125903714,0.01611,0.00858261259037141,0.341527356361054,-0.0248297630082899,0.0722729072280019,-0.129432092873582,-0.0252822454742843,0.151878407246283,0.0424053386660113,-0.0950889653359983,0.0326525450411843,-0.00217155351350762,-0.166779403406146,0.231429080930965,-0.121276488990944,-0.505539056125091,-0.125229086440461,-0.143388669457249,0.234783419606581,-0.338145377431936,0.0130154767041297,-0.0251922512549525,0.124272623293447,0.273154951416769,0.420346148801178,-0.0975926922932189,0.504255151147529,0.169547342201808,-0.0702829898047419,0.0157599382985278,0.0303455838531459,0.0502188200191949
"127",0.0266419309464211,0.0216,0.00504193094642109,0.340979120394996,0.0881820982058539,0.159034152351536,-0.0975218505165625,0.0465037468749783,0.259603103026164,0.112776316207643,-0.0306795479496067,0.0973455572940107,0.0538780172510194,-0.0378585872072037,0.287666520231313,0.0144222085748922,-0.411485595889747,-0.0388829150816594,-0.0313567228315463,0.293477200653057,-0.238875628398588,0.256801578680399,0.107774601950897,0.258346273794492,0.439333651272447,0.583975358348386,-0.010010701838759,0.523569026441488,0.195499003949054,-0.0964382994136299,0.015941887256842,0.0327539369694332,0.0501359489250675
"128",0.0237165266173161,0.02273,0.000986526617316064,0.225697831119307,0.0394982082988982,0.187640718271554,0.0467760647977311,0.00641352409372686,0.192881754319506,0.0909432300235302,0.0429843608025848,0.106451063284913,0.0239220975914183,0.0627383406334232,0.166837013171645,0.0836027669573554,-0.104664448409516,0.125588539110586,0.0583561212292523,0.169214612202613,-0.182408613183111,0.321892119957333,0.182154566085407,0.273286827330937,0.440949747200024,0.475318230117566,0.0685162481882582,0.476105989005993,0.234909507171762,-0.038142176410263,0.0224100346871872,0.0315685890401287,0.0497219505398245
"129",0.0168571170664228,0.02503,-0.00817288293357719,0.266997406542865,0.104474046911115,0.29820920500999,-0.0457261505820075,0.0692946952009779,0.207479232401806,0.14149011721795,0.0215062052209642,0.0781631768393609,0.0174040976189289,0.0304965799844261,0.163561108904845,0.0871566097253442,-0.210781903840304,0.0193242728264025,-0.0757118217356965,0.156500448107418,-0.216180499040712,0.232484378792441,0.174007032477845,0.302663329351491,0.385725779338724,0.396391616412153,0.0182593701581162,0.35444733376644,0.0508833458338263,-0.0242481077134444,0.0201695504284878,0.0314499072000789,0.0475931454254468
"130",0.00498754151103897,0.0261,-0.021112458488961,0.403202997480394,0.0871592075760468,0.326780093745514,-0.0166324000491418,0.0696186537351569,0.185749478642359,0.144784220166217,0.0726491826900624,0.0773597137959818,0.0407496591735566,0.0334184704866889,0.152474514500192,0.287890297335407,-0.217929033691433,0.0887141351282317,0.0616842330703928,0.152995195666436,-0.196467951488288,0.276239612594656,0.203579529762233,0.363118036713173,0.380440976436512,0.361509377821532,-0.000432648414641079,0.364758661488859,-0.0150926996584131,-0.0134238489710778,0.0251248152446859,0.031495526510037,0.0573731939777229
"131",-0.00501254182354429,0.0274,-0.0324125418235443,0.512962376715725,0.183321267487303,0.345347144451503,0.0869540227410983,0.156016352010208,0.16269349526587,0.217064505237827,0.0939821583608058,0.185559400123809,0.166831497644635,0.174086462449322,0.107540606226617,0.198498670281568,-0.00790517950711322,0.0799151322443912,0.0390569106216851,0.111208114987965,-0.0607568681054396,0.397266374462769,0.278579916983325,0.453628501519269,0.44750219407933,0.311127650808105,0.105998031879077,0.348215788200727,0.0643960960085277,0.0436198440865896,0.0263689326303123,0.032260119283146,0.0464219503455627
"132",0.00199800266267306,0.0308,-0.0288019973373269,0.40157455722748,0.21739553972361,0.359235764800406,0.0347861160854155,0.210587592914408,0.0888201934947599,0.146990644184363,0.0852204081087073,0.162407316126377,0.0937604926600706,0.145152012694226,0.131140645334644,0.0620295938348061,-0.0673781448322144,0.190810809698528,0.111564407627721,0.135362794742347,-0.177847450472421,0.329245837027111,0.291890973698083,0.436664050291634,0.560125043839856,0.440981760911901,0.00753257955122422,0.295670352340439,-0.0799963285536345,-0.0154455325894585,0.0255701134985049,0.031368724562439,0.0453288915388388
"133",-0.00300450902029872,0.027,-0.0300045090202987,0.332246134187708,0.316174028246087,0.350392200759237,0.106476431521989,0.267556084609537,0.101814412651075,0.188105026096785,0.139424844782216,0.185051768785195,0.0554263345185948,0.073734342534312,0.103707438356107,0.160660060012775,-0.0659381014919944,0.194574301977905,0.188327061871197,0.101766893709798,-0.114855476660175,0.486854015956724,0.404512435605853,0.478962280117411,0.645117870923173,0.453241680650695,0.0492941577673189,0.186057062227372,-0.114881475647645,0.0533069957879171,0.0273213571258673,0.0313491430788879,0.0453736872616677
"134",-0.00200200267067308,0.0283,-0.0303020026706731,0.350437041219886,0.375193991705968,0.374693449441411,0.266832471330156,0.248203878562153,0.39635071967097,0.41918146868276,0.307319716304853,0.433846729312716,0.273227655711622,0.302715288539645,0.00317554560564659,0.421387061118748,0.215177009334105,0.331219518118953,0.315366889713994,0.0058395123233721,0.0382131893820556,0.570223480190487,0.408908179463504,0.460810137056558,0.621189465215869,0.444583664109199,0.123058468042712,0.0689343426898068,-0.22227644874764,0.0891513539907596,0.0304920569202825,0.0372678771489579,0.0492912959472989
"135",0.00399202126953746,0.02697,-0.0229779787304625,0.157457919250625,0.188528455584185,0.249791198740384,0.435851717676401,0.14230579561197,0.412065792139517,0.413025900201653,0.512568290486421,0.512503604481571,0.395621369096212,0.354004275179136,-0.0197181686241157,0.359617868849739,0.402974446795712,0.423483613610841,0.312393606697041,-0.0196552882500765,0.119549850958124,0.52743707308438,0.390249875801298,0.539930240076984,0.513948618097162,0.367165225573324,0.16711169815038,0.179565305761277,-0.134727859670869,0.17365452232671,0.0320099464909784,0.0375035638832735,0.0496111549650244
"136",0.0089597413714718,0.0254,-0.0164402586285282,0.245969758384991,0.34294475112683,0.276054034456662,0.281937288494889,0.273452875523313,0.523582961459443,0.450228841205693,0.477962738913305,0.519566206633495,0.407850795124368,0.29286106346404,-0.0241335791762038,0.334606832148591,0.512938393599838,0.482858136224943,0.367650954869665,-0.0272129258434628,0.116050099822688,0.531637018297389,0.309251104254417,0.486969185748023,0.471793630759691,0.408804633325612,0.0894015757862778,0.131780755403008,-0.222773585811519,0.126555998874648,0.0316104664936194,0.038293138166388,0.049425465118313
"137",0.0129162252665462,0.0261,-0.0131837747334538,0.228536763693969,0.347419513964571,0.257456461636151,0.162823761080686,0.233047797012639,0.470267307559721,0.425501134868584,0.361390177889078,0.520683290980191,0.358118219664979,0.341329057737209,-0.000710768167202502,0.278700160329885,0.404851046068605,0.353272615734641,0.360360451795909,-0.0023757531195816,0.19121072400497,0.584091143238939,0.375410395265229,0.448421368561473,0.495358305385075,0.404833803375976,0.179657326496901,0.204658196947712,-0.119026436834482,0.143028349199061,0.0313450486230096,0.0387335440908032,0.0505151644960513
"138",0.0109399400383343,0.02563,-0.0146900599616657,0.136188532991149,0.31541178915986,0.221805502753685,0.172577265319276,0.210546762931231,0.364910707916506,0.379583001977455,0.345583654248104,0.340377287313826,0.310782750505902,0.267773816250672,-0.085613194398924,0.231767673758307,0.475083574429738,0.358606932947744,0.353240044562522,-0.0850098312290246,0.248971939326071,0.519086240757491,0.381216277383315,0.345120522584279,0.342690703229497,0.253602337891651,0.0799896608453921,0.0561696109887286,-0.17324872825182,0.109325415873236,0.0306959795658788,0.0369584652283681,0.0414064072190481
"139",0.00995033085316809,0.02322,-0.0132696691468319,0.18497964453695,0.278057938016635,0.129037252400276,0.174410692093076,0.215805453029298,0.410768284758186,0.363812915765692,0.333536973329863,0.327915202688233,0.304484933265909,0.17640556418203,-0.114981709456132,0.215632736646592,0.462578790226606,0.422177608974652,0.421965627578857,-0.118693367990529,0.0824916874683286,0.41892693854615,0.242128062831386,0.101293147047626,-0.0517219691000594,-0.0303243056746663,-0.131658582270527,-0.0340634696529847,-0.214710296932899,0.0141633121685851,0.0300400535639298,0.0346945237689429,0.0275907351006772
"140",0.00796816964917688,0.0196,-0.0116318303508231,0.263932892240117,0.2457756751504,0.0932181288321008,0.0849932128333926,0.164670046218632,0.346669685384137,0.305728680077577,0.333031742957594,0.299869476868572,0.379201089071664,0.115221644423606,-0.110433179248165,0.0785970984590101,0.242049195144441,0.349150694880983,0.341098837423177,-0.103716563439464,0.193555946471994,0.461353532563178,0.295775318271099,0.0929535250873528,-0.195047615556335,-0.12888421041591,-0.12458372111085,-0.107606053742053,-0.24292240825181,0.0182499333463495,0.0258810793001558,0.0322716182405536,0.0259693794895206
"141",0.00697561373642514,0.02248,-0.0155043862635749,0.306609367234071,0.264029397843773,0.0185939067516614,0.290123224492309,0.121063677422033,0.420844729509749,0.314043462043532,0.589979463284351,0.291356115823383,0.469122959880142,0.155333674419936,-0.112545912560233,0.115650838686543,0.499248070423548,0.463686221304236,0.526021829371825,-0.104880466650503,0.330317709265523,0.444565318221198,0.262410646760834,0.0415641552285333,0.0360622300193221,0.0155594230206262,-0.0714854111415253,-0.0539435499951431,-0.171807908058632,0.242104347821021,0.0270851825998015,0.030509652486435,0.0241261629254321
"142",0.0148886124937506,0.02295,-0.00806138750624944,0.201243412662899,0.164549387048158,0.000766577270194801,0.205234308630647,0.0173647774135102,0.419310514930217,0.312016834437584,0.304689900551613,0.324510169968031,0.340185571745874,0.187826546347333,-0.0666948453409937,-0.0568645230917184,0.530836823385379,0.24061946320618,0.20933881847635,-0.0696453341962613,0.221101914093905,0.386997394342677,0.292503437470327,0.0203654888341482,0.0236646954188746,-0.0760769064028857,-0.0769749497132288,-0.0472209859619781,-0.0962038825217579,0.188370184726145,0.0232830950146692,0.0285002977600524,0.011894936499349
"143",0.0227394869694893,0.02237,0.000369486969489338,0.0830756211832906,0.0822450179578293,-0.00412681133421611,0.0781287199236367,-0.0503290923533957,0.319370494469071,0.167883206631068,0.135854274040662,0.204703312481319,0.150865741586555,0.0681671783641775,-0.0102266890537139,-0.0121412484045234,0.330787172986605,0.0551007853459353,0.107478242781287,-0.00306436762690065,0.0312665360348916,0.208895112536457,0.187525473369083,-0.128347489715038,0.0102770857169023,0.01553444822712,-0.18734987786789,-0.0262441393702408,-0.0792954337536083,0.0466663637073808,0.0206779787482585,0.02549984012518,0.0208092086593403
"144",0.0148886124937506,0.02169,-0.00680138750624944,0.0168359929283799,0.0364629933004537,-0.0236609929017604,0.115603732316913,-0.0698696799604868,0.198940591224368,0.114197841194116,0.166230343531417,0.190282424701392,0.277288994165859,0.151163604422923,-0.0567565114968067,0.0719835639866826,0.323107148357198,-0.00116184514057238,-0.0629332133338316,-0.0485924493691972,0.167119177963088,0.136034534244232,0.106362688873286,-0.185506183365661,-0.0934854731007508,-0.182491579782864,-0.125307473827659,-0.019153198826519,0.0323483311909349,0.259131467146216,0.019423147816326,0.0226760793955147,0.0179694587295831
